<?xml version = '1.0' encoding = 'UTF-8'?>
<Relation class="oracle.dbtools.crest.model.design.logical.Relation" name="EquipoPartido" directorySegmentName="seg_0" id="0019D811-7897-3E42-5BA5-B7C2BA340146">
<createdBy>Adrian</createdBy>
<createdTime>2019-05-05 15:56:37 UTC</createdTime>
<ownerDesignName>Proyecto</ownerDesignName>
<engineerTo>
<item key="ED749BF2-2572-7EF3-D6A7-D77CEBE47464" value="true"/>
</engineerTo>
<identifying>false</identifying>
<optionalSource>true</optionalSource>
<optionalTarget>false</optionalTarget>
<sourceCardinality>*</sourceCardinality>
<sourceEntity>B9307490-F307-8558-144A-3844F01F2311</sourceEntity>
<targetCardinalityString>*</targetCardinalityString>
<targetEntity>79EA21F4-454B-569D-8774-E3C0EE31DB96</targetEntity>
<transferable>true</transferable>
<deleteRule>NO ACTION</deleteRule>
</Relation>