<?xml version = '1.0' encoding = 'UTF-8'?>
<Relation class="oracle.dbtools.crest.model.design.logical.Relation" name="PartidoEstadisticas" directorySegmentName="seg_0" id="0922AF86-32B6-6496-AC9C-F222EEC63621">
<createdBy>Adrian</createdBy>
<createdTime>2019-05-05 15:29:15 UTC</createdTime>
<ownerDesignName>Proyecto</ownerDesignName>
<engineerTo>
<item key="75A0B9DB-6E0C-6AEB-65B5-59E51AD5E225" value="true"/>
<item key="ED749BF2-2572-7EF3-D6A7-D77CEBE47464" value="true"/>
</engineerTo>
<sourcePk>E5D0B7D7-3C33-3DDB-0B17-B7D9BD00BDC9</sourcePk>
<targetPk>40054F6A-EBF8-322B-40A5-0928ADDC6A0D</targetPk>
<identifying>false</identifying>
<optionalSource>false</optionalSource>
<optionalTarget>false</optionalTarget>
<sourceCardinality>1</sourceCardinality>
<sourceEntity>79EA21F4-454B-569D-8774-E3C0EE31DB96</sourceEntity>
<targetCardinalityString>1</targetCardinalityString>
<targetEntity>78DA5D96-2CDD-5F0A-F424-85E050E86C18</targetEntity>
<transferable>true</transferable>
<deleteRule>NO ACTION</deleteRule>
</Relation>