<?xml version = '1.0' encoding = 'UTF-8'?>
<Relation class="oracle.dbtools.crest.model.design.logical.Relation" name="Dueño Equipo FK" directorySegmentName="seg_0" id="6E727A13-C10F-6B2A-37EE-3E4351730ABD">
<createdBy>Adrian</createdBy>
<createdTime>2019-05-05 15:35:50 UTC</createdTime>
<ownerDesignName>Proyecto</ownerDesignName>
<engineerTo>
<item key="ED749BF2-2572-7EF3-D6A7-D77CEBE47464" value="true"/>
</engineerTo>
<sourcePk>6C7744C5-4FB5-D57B-1FFC-4D4C13854C4B</sourcePk>
<identifying>false</identifying>
<optionalSource>false</optionalSource>
<optionalTarget>false</optionalTarget>
<sourceCardinality>1</sourceCardinality>
<sourceEntity>B9307490-F307-8558-144A-3844F01F2311</sourceEntity>
<targetCardinalityString>*</targetCardinalityString>
<targetEntity>6629AEF3-F297-27B9-1618-C74E412B01B1</targetEntity>
<transferable>true</transferable>
<deleteRule>NO ACTION</deleteRule>
</Relation>