<?xml version = '1.0' encoding = 'UTF-8'?>
<Entity class="oracle.dbtools.crest.model.design.logical.Entity" directorySegmentName="seg_0" id="78DA5D96-2CDD-5F0A-F424-85E050E86C18" name="Estadisticas">
<createdBy>Adrian</createdBy>
<createdTime>2019-05-05 15:16:20 UTC</createdTime>
<ownerDesignName>Proyecto</ownerDesignName>
<engineerTo>
<item key="75A0B9DB-6E0C-6AEB-65B5-59E51AD5E225" value="true"/>
<item key="ED749BF2-2572-7EF3-D6A7-D77CEBE47464" value="true"/>
</engineerTo>
<adequatelyNormalized>NO</adequatelyNormalized>
<expectedVolumes>0</expectedVolumes>
<fwdEngineeringStrategyName>Single Table</fwdEngineeringStrategyName>
<growthPercent>0</growthPercent>
<growthType>Year</growthType>
<maxVolumes>9999999</maxVolumes>
<minVolumes>0</minVolumes>
<normalForm>Third</normalForm>
<attributes itemClass="oracle.dbtools.crest.model.design.logical.Attribute">
<Attribute name="id" id="4C0931A4-18CE-98FE-F8F0-F8241EAEFDBB">
<createdBy>Adrian</createdBy>
<createdTime>2019-05-05 15:16:26 UTC</createdTime>
<ownerDesignName>Proyecto</ownerDesignName>
<engineerTo>
<item key="75A0B9DB-6E0C-6AEB-65B5-59E51AD5E225" value="true"/>
<item key="ED749BF2-2572-7EF3-D6A7-D77CEBE47464" value="true"/>
</engineerTo>
<useDomainConstraints>false</useDomainConstraints>
<use>1</use>
<logicalDatatype>LOGDT011</logicalDatatype>
<ownDataTypeParameters>,,</ownDataTypeParameters>
</Attribute>
<Attribute name="tiempo partida" id="8BED863E-0D8E-EBEF-4C55-7EB3A0032A88">
<createdBy>Adrian</createdBy>
<createdTime>2019-05-05 15:16:47 UTC</createdTime>
<ownerDesignName>Proyecto</ownerDesignName>
<engineerTo>
<item key="75A0B9DB-6E0C-6AEB-65B5-59E51AD5E225" value="true"/>
<item key="ED749BF2-2572-7EF3-D6A7-D77CEBE47464" value="true"/>
</engineerTo>
<useDomainConstraints>false</useDomainConstraints>
<use>1</use>
<logicalDatatype>LOGDT014</logicalDatatype>
<ownDataTypeParameters>,,</ownDataTypeParameters>
</Attribute>
<Attribute name="kills equipo local" id="CC420EFB-0CAF-C2CF-CEDE-7B0D500BBB4E">
<createdBy>Adrian</createdBy>
<createdTime>2019-05-05 15:17:31 UTC</createdTime>
<ownerDesignName>Proyecto</ownerDesignName>
<engineerTo>
<item key="75A0B9DB-6E0C-6AEB-65B5-59E51AD5E225" value="true"/>
<item key="ED749BF2-2572-7EF3-D6A7-D77CEBE47464" value="true"/>
</engineerTo>
<useDomainConstraints>false</useDomainConstraints>
<use>1</use>
<logicalDatatype>LOGDT011</logicalDatatype>
<ownDataTypeParameters>,,</ownDataTypeParameters>
</Attribute>
<Attribute name="kills equipo visitante" id="62E2671D-73D5-D7AD-C442-CB65EA2F26EB">
<createdBy>Adrian</createdBy>
<createdTime>2019-05-05 15:21:28 UTC</createdTime>
<ownerDesignName>Proyecto</ownerDesignName>
<engineerTo>
<item key="75A0B9DB-6E0C-6AEB-65B5-59E51AD5E225" value="true"/>
<item key="ED749BF2-2572-7EF3-D6A7-D77CEBE47464" value="true"/>
</engineerTo>
<useDomainConstraints>false</useDomainConstraints>
<use>1</use>
<logicalDatatype>LOGDT011</logicalDatatype>
<ownDataTypeParameters>,,</ownDataTypeParameters>
</Attribute>
<Attribute name="oro equipo local" id="A1A8A36D-692A-BA2A-3ABE-4FCB3A9C14FF">
<createdBy>Adrian</createdBy>
<createdTime>2019-05-05 15:22:02 UTC</createdTime>
<ownerDesignName>Proyecto</ownerDesignName>
<engineerTo>
<item key="75A0B9DB-6E0C-6AEB-65B5-59E51AD5E225" value="true"/>
<item key="ED749BF2-2572-7EF3-D6A7-D77CEBE47464" value="true"/>
</engineerTo>
<useDomainConstraints>false</useDomainConstraints>
<use>1</use>
<logicalDatatype>LOGDT011</logicalDatatype>
<ownDataTypeParameters>,,</ownDataTypeParameters>
</Attribute>
<Attribute name="oro equipo visitante" id="F570C700-5DF3-AA2F-A07D-4A1094433039">
<createdBy>Adrian</createdBy>
<createdTime>2019-05-05 15:22:23 UTC</createdTime>
<ownerDesignName>Proyecto</ownerDesignName>
<engineerTo>
<item key="75A0B9DB-6E0C-6AEB-65B5-59E51AD5E225" value="true"/>
<item key="ED749BF2-2572-7EF3-D6A7-D77CEBE47464" value="true"/>
</engineerTo>
<useDomainConstraints>false</useDomainConstraints>
<use>1</use>
<logicalDatatype>LOGDT011</logicalDatatype>
<ownDataTypeParameters>,,</ownDataTypeParameters>
</Attribute>
<Attribute name="mvp" id="61AA9CA0-E7AE-E145-C843-1FA5BC616BE6">
<createdBy>Adrian</createdBy>
<createdTime>2019-05-05 15:22:44 UTC</createdTime>
<ownerDesignName>Proyecto</ownerDesignName>
<engineerTo>
<item key="75A0B9DB-6E0C-6AEB-65B5-59E51AD5E225" value="true"/>
<item key="ED749BF2-2572-7EF3-D6A7-D77CEBE47464" value="true"/>
</engineerTo>
<useDomainConstraints>false</useDomainConstraints>
<use>1</use>
<logicalDatatype>LOGDT011</logicalDatatype>
<ownDataTypeParameters>,,</ownDataTypeParameters>
</Attribute>
<Attribute name="Partido id" id="11D5A7BE-5855-19DA-BA57-B47F710C2F24">
<createdBy>Adrian</createdBy>
<createdTime>2019-05-05 15:32:37 UTC</createdTime>
<generatorID>0922AF86-32B6-6496-AC9C-F222EEC63621</generatorID>
<ownerDesignName>Proyecto</ownerDesignName>
<engineerTo>
<item key="75A0B9DB-6E0C-6AEB-65B5-59E51AD5E225" value="true"/>
<item key="ED749BF2-2572-7EF3-D6A7-D77CEBE47464" value="true"/>
</engineerTo>
<referedAttribute>E2CFE5C1-12BE-36F8-F9DE-B3505C027695</referedAttribute>
<useDomainConstraints>false</useDomainConstraints>
<use>1</use>
<logicalDatatype>LOGDT011</logicalDatatype>
<ownDataTypeParameters>,,</ownDataTypeParameters>
</Attribute>
</attributes>
<identifiers itemClass="oracle.dbtools.crest.model.design.logical.CandidateKey">
<identifier id="40054F6A-EBF8-322B-40A5-0928ADDC6A0D" name="Estadisticas PK">
<createdBy>Adrian</createdBy>
<createdTime>2019-05-05 15:16:44 UTC</createdTime>
<ownerDesignName>Proyecto</ownerDesignName>
<engineerTo>
<item key="75A0B9DB-6E0C-6AEB-65B5-59E51AD5E225" value="true"/>
<item key="ED749BF2-2572-7EF3-D6A7-D77CEBE47464" value="false"/>
</engineerTo>
<pk>true</pk>
<usedAttributes>
<attributeRef>4C0931A4-18CE-98FE-F8F0-F8241EAEFDBB</attributeRef>
</usedAttributes>
</identifier>
</identifiers>
</Entity>