<?xml version = '1.0' encoding = 'UTF-8'?>
<Entity class="oracle.dbtools.crest.model.design.logical.Entity" directorySegmentName="seg_0" id="79EA21F4-454B-569D-8774-E3C0EE31DB96" name="Partido">
<createdBy>Adrian</createdBy>
<createdTime>2019-05-05 14:57:22 UTC</createdTime>
<ownerDesignName>Proyecto</ownerDesignName>
<engineerTo>
<item key="75A0B9DB-6E0C-6AEB-65B5-59E51AD5E225" value="true"/>
<item key="ED749BF2-2572-7EF3-D6A7-D77CEBE47464" value="true"/>
</engineerTo>
<adequatelyNormalized>NO</adequatelyNormalized>
<expectedVolumes>0</expectedVolumes>
<fwdEngineeringStrategyName>Single Table</fwdEngineeringStrategyName>
<growthPercent>0</growthPercent>
<growthType>Year</growthType>
<maxVolumes>9999999</maxVolumes>
<minVolumes>0</minVolumes>
<normalForm>Third</normalForm>
<attributes itemClass="oracle.dbtools.crest.model.design.logical.Attribute">
<Attribute name="id" id="E2CFE5C1-12BE-36F8-F9DE-B3505C027695">
<createdBy>Adrian</createdBy>
<createdTime>2019-05-05 14:58:03 UTC</createdTime>
<ownerDesignName>Proyecto</ownerDesignName>
<engineerTo>
<item key="75A0B9DB-6E0C-6AEB-65B5-59E51AD5E225" value="true"/>
<item key="ED749BF2-2572-7EF3-D6A7-D77CEBE47464" value="true"/>
</engineerTo>
<useDomainConstraints>false</useDomainConstraints>
<use>1</use>
<logicalDatatype>LOGDT011</logicalDatatype>
<ownDataTypeParameters>,,</ownDataTypeParameters>
</Attribute>
<Attribute name="id equipo local" id="E33F2095-F2BE-1C47-95AF-E18F11385681">
<createdBy>Adrian</createdBy>
<createdTime>2019-05-05 14:58:20 UTC</createdTime>
<ownerDesignName>Proyecto</ownerDesignName>
<engineerTo>
<item key="75A0B9DB-6E0C-6AEB-65B5-59E51AD5E225" value="true"/>
<item key="ED749BF2-2572-7EF3-D6A7-D77CEBE47464" value="true"/>
</engineerTo>
<useDomainConstraints>false</useDomainConstraints>
<use>1</use>
<logicalDatatype>LOGDT011</logicalDatatype>
<ownDataTypeParameters>,,</ownDataTypeParameters>
</Attribute>
<Attribute name="id equipo visitante" id="EB84B52F-BA64-79DA-4CEC-D0B5D2ED8EEA">
<createdBy>Adrian</createdBy>
<createdTime>2019-05-05 15:01:46 UTC</createdTime>
<ownerDesignName>Proyecto</ownerDesignName>
<engineerTo>
<item key="75A0B9DB-6E0C-6AEB-65B5-59E51AD5E225" value="true"/>
<item key="ED749BF2-2572-7EF3-D6A7-D77CEBE47464" value="true"/>
</engineerTo>
<useDomainConstraints>false</useDomainConstraints>
<use>1</use>
<logicalDatatype>LOGDT011</logicalDatatype>
<ownDataTypeParameters>,,</ownDataTypeParameters>
</Attribute>
<Attribute name="vencedor" id="D8CCFC34-E700-F14D-AF02-040207FE4448">
<createdBy>Adrian</createdBy>
<createdTime>2019-05-05 15:01:58 UTC</createdTime>
<ownerDesignName>Proyecto</ownerDesignName>
<engineerTo>
<item key="75A0B9DB-6E0C-6AEB-65B5-59E51AD5E225" value="true"/>
<item key="ED749BF2-2572-7EF3-D6A7-D77CEBE47464" value="true"/>
</engineerTo>
<nullsAllowed>true</nullsAllowed>
<useDomainConstraints>false</useDomainConstraints>
<use>1</use>
<logicalDatatype>LOGDT011</logicalDatatype>
<ownDataTypeParameters>,,</ownDataTypeParameters>
</Attribute>
<Attribute name="tipo" id="F609972C-DC6E-4B03-5A85-645FF88FD1C4">
<createdBy>Adrian</createdBy>
<createdTime>2019-05-05 15:05:05 UTC</createdTime>
<ownerDesignName>Proyecto</ownerDesignName>
<engineerTo>
<item key="75A0B9DB-6E0C-6AEB-65B5-59E51AD5E225" value="true"/>
<item key="ED749BF2-2572-7EF3-D6A7-D77CEBE47464" value="true"/>
</engineerTo>
<useDomainConstraints>false</useDomainConstraints>
<use>1</use>
<logicalDatatype>LOGDT024</logicalDatatype>
<dataTypeSize>20 CHAR</dataTypeSize>
<ownDataTypeParameters>20 CHAR,,</ownDataTypeParameters>
</Attribute>
<Attribute name="fecha" id="70BB2110-246D-74EE-87D2-4B23A86CD6AB">
<createdBy>Adrian</createdBy>
<createdTime>2019-05-05 15:06:08 UTC</createdTime>
<ownerDesignName>Proyecto</ownerDesignName>
<engineerTo>
<item key="75A0B9DB-6E0C-6AEB-65B5-59E51AD5E225" value="true"/>
<item key="ED749BF2-2572-7EF3-D6A7-D77CEBE47464" value="true"/>
</engineerTo>
<useDomainConstraints>false</useDomainConstraints>
<use>1</use>
<logicalDatatype>LOGDT008</logicalDatatype>
<ownDataTypeParameters>,,</ownDataTypeParameters>
</Attribute>
<Attribute name="Estadisticas id" id="27D3A32F-14A4-4CBD-AA69-AFBF14BE5171">
<createdBy>Adrian</createdBy>
<createdTime>2019-05-05 15:32:37 UTC</createdTime>
<generatorID>0922AF86-32B6-6496-AC9C-F222EEC63621</generatorID>
<ownerDesignName>Proyecto</ownerDesignName>
<engineerTo>
<item key="75A0B9DB-6E0C-6AEB-65B5-59E51AD5E225" value="true"/>
<item key="ED749BF2-2572-7EF3-D6A7-D77CEBE47464" value="true"/>
</engineerTo>
<referedAttribute>4C0931A4-18CE-98FE-F8F0-F8241EAEFDBB</referedAttribute>
<useDomainConstraints>false</useDomainConstraints>
<use>1</use>
<logicalDatatype>LOGDT011</logicalDatatype>
<ownDataTypeParameters>,,</ownDataTypeParameters>
</Attribute>
<Attribute name="Jornada id" id="B4DBF1AC-67EB-4CEA-4A36-6EAEE6129878">
<createdBy>Adrian</createdBy>
<createdTime>2019-05-05 15:37:39 UTC</createdTime>
<generatorID>59D6B011-EC6F-577D-1A9A-F285AB7DF10E</generatorID>
<ownerDesignName>Proyecto</ownerDesignName>
<engineerTo>
<item key="75A0B9DB-6E0C-6AEB-65B5-59E51AD5E225" value="true"/>
<item key="ED749BF2-2572-7EF3-D6A7-D77CEBE47464" value="true"/>
</engineerTo>
<referedAttribute>29105DEA-03E0-9022-A468-122DE9FD34DF</referedAttribute>
<useDomainConstraints>false</useDomainConstraints>
<use>1</use>
<logicalDatatype>LOGDT011</logicalDatatype>
<ownDataTypeParameters>,,</ownDataTypeParameters>
</Attribute>
</attributes>
<identifiers itemClass="oracle.dbtools.crest.model.design.logical.CandidateKey">
<identifier id="E5D0B7D7-3C33-3DDB-0B17-B7D9BD00BDC9" name="Partido PK">
<createdBy>Adrian</createdBy>
<createdTime>2019-05-05 14:58:10 UTC</createdTime>
<ownerDesignName>Proyecto</ownerDesignName>
<engineerTo>
<item key="75A0B9DB-6E0C-6AEB-65B5-59E51AD5E225" value="true"/>
<item key="ED749BF2-2572-7EF3-D6A7-D77CEBE47464" value="false"/>
</engineerTo>
<pk>true</pk>
<usedAttributes>
<attributeRef>E2CFE5C1-12BE-36F8-F9DE-B3505C027695</attributeRef>
</usedAttributes>
</identifier>
</identifiers>
</Entity>