<?xml version = '1.0' encoding = 'UTF-8'?>
<Table class="oracle.dbtools.crest.model.design.relational.Table" directorySegmentName="seg_0" id="60F42356-C7EF-3CE3-D956-23D45BA20D53" name="Partido">
<createdBy>Adrian</createdBy>
<createdTime>2019-05-05 16:00:03 UTC</createdTime>
<generatorID>79EA21F4-454B-569D-8774-E3C0EE31DB96</generatorID>
<ownerDesignName>Proyecto</ownerDesignName>
<allowColumnReorder>false</allowColumnReorder>
<existDependencyGenerateInDDl>true</existDependencyGenerateInDDl>
<parsed>true</parsed>
<columns itemClass="oracle.dbtools.crest.model.design.relational.Column">
<Column name="id" id="09AD5D06-3978-FDE3-9B16-43F596DCFD70">
<createdBy>Adrian</createdBy>
<createdTime>2019-05-05 16:00:03 UTC</createdTime>
<generatorID>E2CFE5C1-12BE-36F8-F9DE-B3505C027695</generatorID>
<ownerDesignName>Proyecto</ownerDesignName>
<useDomainConstraints>false</useDomainConstraints>
<use>1</use>
<logicalDatatype>LOGDT011</logicalDatatype>
<ownDataTypeParameters>,,</ownDataTypeParameters>
<autoIncrementCycle>false</autoIncrementCycle>
</Column>
<Column name="id_equipo_local" id="C45D70DC-5F45-64C3-052D-97867BC54443">
<createdBy>Adrian</createdBy>
<createdTime>2019-05-05 16:00:03 UTC</createdTime>
<generatorID>E33F2095-F2BE-1C47-95AF-E18F11385681</generatorID>
<ownerDesignName>Proyecto</ownerDesignName>
<useDomainConstraints>false</useDomainConstraints>
<use>1</use>
<logicalDatatype>LOGDT011</logicalDatatype>
<ownDataTypeParameters>,,</ownDataTypeParameters>
<autoIncrementCycle>false</autoIncrementCycle>
</Column>
<Column name="id_equipo_visitante" id="E5AF9B23-B1DF-A757-5D78-CF93C37FF134">
<createdBy>Adrian</createdBy>
<createdTime>2019-05-05 16:00:03 UTC</createdTime>
<generatorID>EB84B52F-BA64-79DA-4CEC-D0B5D2ED8EEA</generatorID>
<ownerDesignName>Proyecto</ownerDesignName>
<useDomainConstraints>false</useDomainConstraints>
<use>1</use>
<logicalDatatype>LOGDT011</logicalDatatype>
<ownDataTypeParameters>,,</ownDataTypeParameters>
<autoIncrementCycle>false</autoIncrementCycle>
</Column>
<Column name="vencedor" id="198F2D92-C4AC-74CE-0995-A976CBA7FA2E">
<createdBy>Adrian</createdBy>
<createdTime>2019-05-05 16:00:03 UTC</createdTime>
<generatorID>D8CCFC34-E700-F14D-AF02-040207FE4448</generatorID>
<ownerDesignName>Proyecto</ownerDesignName>
<nullsAllowed>true</nullsAllowed>
<useDomainConstraints>false</useDomainConstraints>
<use>1</use>
<logicalDatatype>LOGDT011</logicalDatatype>
<ownDataTypeParameters>,,</ownDataTypeParameters>
<autoIncrementCycle>false</autoIncrementCycle>
</Column>
<Column name="tipo" id="D854FE31-9379-3BD8-A694-AE7B19946AC3">
<createdBy>Adrian</createdBy>
<createdTime>2019-05-05 16:00:03 UTC</createdTime>
<generatorID>F609972C-DC6E-4B03-5A85-645FF88FD1C4</generatorID>
<ownerDesignName>Proyecto</ownerDesignName>
<useDomainConstraints>false</useDomainConstraints>
<use>1</use>
<logicalDatatype>LOGDT024</logicalDatatype>
<dataTypeSize>20 CHAR</dataTypeSize>
<ownDataTypeParameters>20 CHAR,,</ownDataTypeParameters>
<autoIncrementCycle>false</autoIncrementCycle>
</Column>
<Column name="fecha" id="BD2F1BC2-15DA-A8F4-09AC-48844BDABD42">
<createdBy>Adrian</createdBy>
<createdTime>2019-05-05 16:00:03 UTC</createdTime>
<generatorID>70BB2110-246D-74EE-87D2-4B23A86CD6AB</generatorID>
<ownerDesignName>Proyecto</ownerDesignName>
<useDomainConstraints>false</useDomainConstraints>
<use>1</use>
<logicalDatatype>LOGDT008</logicalDatatype>
<ownDataTypeParameters>,,</ownDataTypeParameters>
<autoIncrementCycle>false</autoIncrementCycle>
</Column>
<Column name="Estadisticas_id" id="6D291D18-0B0C-6BFB-EEC7-A2631E320C0E">
<createdBy>Adrian</createdBy>
<createdTime>2019-05-05 16:00:03 UTC</createdTime>
<generatorID>27D3A32F-14A4-4CBD-AA69-AFBF14BE5171</generatorID>
<ownerDesignName>Proyecto</ownerDesignName>
<useDomainConstraints>false</useDomainConstraints>
<use>1</use>
<logicalDatatype>LOGDT011</logicalDatatype>
<ownDataTypeParameters>,,</ownDataTypeParameters>
<previousColumn>false</previousColumn>
<autoIncrementCycle>false</autoIncrementCycle>
<associations>
<colAssociation fkAssociation="C0A2C6EC-0288-10CB-E633-A749A6F693A0" referredColumn="D6E777D1-0AC5-29D6-95AE-27F9413C3948"/>
</associations>
</Column>
<Column name="Jornada_id" id="F2A3D3BF-EA79-DD4A-47E5-4BB8EEED6D19">
<createdBy>Adrian</createdBy>
<createdTime>2019-05-05 16:00:03 UTC</createdTime>
<generatorID>B4DBF1AC-67EB-4CEA-4A36-6EAEE6129878</generatorID>
<ownerDesignName>Proyecto</ownerDesignName>
<useDomainConstraints>false</useDomainConstraints>
<use>1</use>
<logicalDatatype>LOGDT011</logicalDatatype>
<ownDataTypeParameters>,,</ownDataTypeParameters>
<previousColumn>false</previousColumn>
<autoIncrementCycle>false</autoIncrementCycle>
<associations>
<colAssociation fkAssociation="54130665-B4D0-AF74-311A-DA4E4DBEEEF6" referredColumn="7DBED97F-EB9F-3E4A-5E3C-8F42B686D823"/>
</associations>
</Column>
</columns>
<indexes itemClass="oracle.dbtools.crest.model.design.relational.Index">
<ind_PK_UK id="CEE8088E-FEA4-34C1-208A-D18CE6D27E10" name="Partido_PK">
<createdBy>Adrian</createdBy>
<createdTime>2019-05-05 16:00:03 UTC</createdTime>
<generatorID>E5D0B7D7-3C33-3DDB-0B17-B7D9BD00BDC9</generatorID>
<ownerDesignName>Proyecto</ownerDesignName>
<pk>true</pk>
<indexState>Primary Constraint</indexState>
<isSurrogateKey>false</isSurrogateKey>
<indexColumnUsage>
<colUsage columnID="09AD5D06-3978-FDE3-9B16-43F596DCFD70"/>
</indexColumnUsage>
</ind_PK_UK>
<ind_PK_UK id="4CB13693-E6A7-215F-102C-A118317B8AD2" name="Partido__IDX">
<createdBy>Adrian</createdBy>
<createdTime>2019-05-05 16:00:03 UTC</createdTime>
<ownerDesignName>Proyecto</ownerDesignName>
<indexState>Unique Plain Index</indexState>
<isSurrogateKey>false</isSurrogateKey>
<relationGeneratorID>0922AF86-32B6-6496-AC9C-F222EEC63621</relationGeneratorID>
<indexColumnUsage>
<colUsage columnID="6D291D18-0B0C-6BFB-EEC7-A2631E320C0E"/>
</indexColumnUsage>
</ind_PK_UK>
<ind_PK_UK id="DDFB4B24-329C-12BE-7311-9F6275A87C54" name="Partido_Estadisticas_FK">
<createdBy>Adrian</createdBy>
<createdTime>2019-05-05 16:00:03 UTC</createdTime>
<generatorID>0922AF86-32B6-6496-AC9C-F222EEC63621</generatorID>
<ownerDesignName>Proyecto</ownerDesignName>
<indexState>Foreign Key</indexState>
<isSurrogateKey>false</isSurrogateKey>
<indexColumnUsage>
<colUsage columnID="6D291D18-0B0C-6BFB-EEC7-A2631E320C0E"/>
</indexColumnUsage>
</ind_PK_UK>
<ind_PK_UK id="6173D769-C00E-6F78-6ADD-8AC516447320" name="Partido_Jornada_FK">
<createdBy>Adrian</createdBy>
<createdTime>2019-05-05 16:00:03 UTC</createdTime>
<generatorID>59D6B011-EC6F-577D-1A9A-F285AB7DF10E</generatorID>
<ownerDesignName>Proyecto</ownerDesignName>
<indexState>Foreign Key</indexState>
<isSurrogateKey>false</isSurrogateKey>
<indexColumnUsage>
<colUsage columnID="F2A3D3BF-EA79-DD4A-47E5-4BB8EEED6D19"/>
</indexColumnUsage>
</ind_PK_UK>
</indexes>
</Table>