<?xml version = '1.0' encoding = 'UTF-8'?>
<Table class="oracle.dbtools.crest.model.design.relational.Table" directorySegmentName="seg_0" id="7C185253-9118-2FFF-CBD5-9C93C990FF95" name="Estadisticas">
<createdBy>Adrian</createdBy>
<createdTime>2019-05-05 16:00:03 UTC</createdTime>
<generatorID>78DA5D96-2CDD-5F0A-F424-85E050E86C18</generatorID>
<ownerDesignName>Proyecto</ownerDesignName>
<allowColumnReorder>false</allowColumnReorder>
<existDependencyGenerateInDDl>true</existDependencyGenerateInDDl>
<parsed>true</parsed>
<columns itemClass="oracle.dbtools.crest.model.design.relational.Column">
<Column name="id" id="D6E777D1-0AC5-29D6-95AE-27F9413C3948">
<createdBy>Adrian</createdBy>
<createdTime>2019-05-05 16:00:03 UTC</createdTime>
<generatorID>4C0931A4-18CE-98FE-F8F0-F8241EAEFDBB</generatorID>
<ownerDesignName>Proyecto</ownerDesignName>
<useDomainConstraints>false</useDomainConstraints>
<use>1</use>
<logicalDatatype>LOGDT011</logicalDatatype>
<ownDataTypeParameters>,,</ownDataTypeParameters>
<autoIncrementCycle>false</autoIncrementCycle>
</Column>
<Column name="tiempo_partida" id="CB292D15-E917-9764-01E3-32EB88985EAB">
<createdBy>Adrian</createdBy>
<createdTime>2019-05-05 16:00:03 UTC</createdTime>
<generatorID>8BED863E-0D8E-EBEF-4C55-7EB3A0032A88</generatorID>
<ownerDesignName>Proyecto</ownerDesignName>
<useDomainConstraints>false</useDomainConstraints>
<use>1</use>
<logicalDatatype>LOGDT014</logicalDatatype>
<ownDataTypeParameters>,,</ownDataTypeParameters>
<autoIncrementCycle>false</autoIncrementCycle>
</Column>
<Column name="kills_equipo_local" id="D9D3F11B-EC45-6334-75DA-ED43248BB695">
<createdBy>Adrian</createdBy>
<createdTime>2019-05-05 16:00:03 UTC</createdTime>
<generatorID>CC420EFB-0CAF-C2CF-CEDE-7B0D500BBB4E</generatorID>
<ownerDesignName>Proyecto</ownerDesignName>
<useDomainConstraints>false</useDomainConstraints>
<use>1</use>
<logicalDatatype>LOGDT011</logicalDatatype>
<ownDataTypeParameters>,,</ownDataTypeParameters>
<autoIncrementCycle>false</autoIncrementCycle>
</Column>
<Column name="kills_equipo_visitante" id="81FA6279-2917-95F0-16EE-67F8A1CD7E2F">
<createdBy>Adrian</createdBy>
<createdTime>2019-05-05 16:00:03 UTC</createdTime>
<generatorID>62E2671D-73D5-D7AD-C442-CB65EA2F26EB</generatorID>
<ownerDesignName>Proyecto</ownerDesignName>
<useDomainConstraints>false</useDomainConstraints>
<use>1</use>
<logicalDatatype>LOGDT011</logicalDatatype>
<ownDataTypeParameters>,,</ownDataTypeParameters>
<autoIncrementCycle>false</autoIncrementCycle>
</Column>
<Column name="oro_equipo_local" id="8C697638-0088-56CB-7858-D85F0F48D55B">
<createdBy>Adrian</createdBy>
<createdTime>2019-05-05 16:00:03 UTC</createdTime>
<generatorID>A1A8A36D-692A-BA2A-3ABE-4FCB3A9C14FF</generatorID>
<ownerDesignName>Proyecto</ownerDesignName>
<useDomainConstraints>false</useDomainConstraints>
<use>1</use>
<logicalDatatype>LOGDT011</logicalDatatype>
<ownDataTypeParameters>,,</ownDataTypeParameters>
<autoIncrementCycle>false</autoIncrementCycle>
</Column>
<Column name="oro_equipo_visitante" id="FA5559D2-DB14-7F23-5398-009CC8787667">
<createdBy>Adrian</createdBy>
<createdTime>2019-05-05 16:00:03 UTC</createdTime>
<generatorID>F570C700-5DF3-AA2F-A07D-4A1094433039</generatorID>
<ownerDesignName>Proyecto</ownerDesignName>
<useDomainConstraints>false</useDomainConstraints>
<use>1</use>
<logicalDatatype>LOGDT011</logicalDatatype>
<ownDataTypeParameters>,,</ownDataTypeParameters>
<autoIncrementCycle>false</autoIncrementCycle>
</Column>
<Column name="mvp" id="472FF992-52AB-3578-3CF3-7CC1310C990F">
<createdBy>Adrian</createdBy>
<createdTime>2019-05-05 16:00:03 UTC</createdTime>
<generatorID>61AA9CA0-E7AE-E145-C843-1FA5BC616BE6</generatorID>
<ownerDesignName>Proyecto</ownerDesignName>
<useDomainConstraints>false</useDomainConstraints>
<use>1</use>
<logicalDatatype>LOGDT011</logicalDatatype>
<ownDataTypeParameters>,,</ownDataTypeParameters>
<autoIncrementCycle>false</autoIncrementCycle>
</Column>
<Column name="Partido_id" id="80CF8B66-97D2-9570-383F-D59AD226B217">
<createdBy>Adrian</createdBy>
<createdTime>2019-05-05 16:00:03 UTC</createdTime>
<generatorID>11D5A7BE-5855-19DA-BA57-B47F710C2F24</generatorID>
<ownerDesignName>Proyecto</ownerDesignName>
<useDomainConstraints>false</useDomainConstraints>
<use>1</use>
<logicalDatatype>LOGDT011</logicalDatatype>
<ownDataTypeParameters>,,</ownDataTypeParameters>
<previousColumn>false</previousColumn>
<autoIncrementCycle>false</autoIncrementCycle>
<associations>
<colAssociation fkAssociation="8CF45CC5-4A11-4055-CB67-1BC6E14B35B2" referredColumn="09AD5D06-3978-FDE3-9B16-43F596DCFD70"/>
</associations>
</Column>
</columns>
<indexes itemClass="oracle.dbtools.crest.model.design.relational.Index">
<ind_PK_UK id="7CEE0AFE-3B67-E397-374B-ED76FB9B08FC" name="Estadisticas_PK">
<createdBy>Adrian</createdBy>
<createdTime>2019-05-05 16:00:03 UTC</createdTime>
<generatorID>40054F6A-EBF8-322B-40A5-0928ADDC6A0D</generatorID>
<ownerDesignName>Proyecto</ownerDesignName>
<pk>true</pk>
<indexState>Primary Constraint</indexState>
<isSurrogateKey>false</isSurrogateKey>
<indexColumnUsage>
<colUsage columnID="D6E777D1-0AC5-29D6-95AE-27F9413C3948"/>
</indexColumnUsage>
</ind_PK_UK>
<ind_PK_UK id="7C9F056C-F986-2975-071B-6E7C7AE85C9E" name="Estadisticas__IDX">
<createdBy>Adrian</createdBy>
<createdTime>2019-05-05 16:00:03 UTC</createdTime>
<ownerDesignName>Proyecto</ownerDesignName>
<indexState>Unique Plain Index</indexState>
<isSurrogateKey>false</isSurrogateKey>
<relationGeneratorID>0922AF86-32B6-6496-AC9C-F222EEC63621</relationGeneratorID>
<indexColumnUsage>
<colUsage columnID="80CF8B66-97D2-9570-383F-D59AD226B217"/>
</indexColumnUsage>
</ind_PK_UK>
<ind_PK_UK id="FF379037-01D6-AF7E-CF3E-73A39D349116" name="Estadisticas_Partido_FK">
<createdBy>Adrian</createdBy>
<createdTime>2019-05-05 16:00:03 UTC</createdTime>
<generatorID>0922AF86-32B6-6496-AC9C-F222EEC63621</generatorID>
<ownerDesignName>Proyecto</ownerDesignName>
<indexState>Foreign Key</indexState>
<isSurrogateKey>false</isSurrogateKey>
<indexColumnUsage>
<colUsage columnID="80CF8B66-97D2-9570-383F-D59AD226B217"/>
</indexColumnUsage>
</ind_PK_UK>
</indexes>
</Table>