<?xml version = '1.0' encoding = 'UTF-8'?>
<FKIndexAssociation class="oracle.dbtools.crest.model.design.relational.FKIndexAssociation" directorySegmentName="seg_0" id="10C774AE-61FD-0127-5F1F-3FC886C08C20" containerWithKeyObject="0B46471C-C060-E534-961E-530D952DD9D1" localFKIndex="119B2BF8-725E-9BE6-CD3F-0FA28AB02B15" name="EquipoPartido_Partido_FK">
<createdBy>Adrian</createdBy>
<createdTime>2019-05-05 16:00:03 UTC</createdTime>
<generatorID>0019D811-7897-3E42-5BA5-B7C2BA340146</generatorID>
<ownerDesignName>Proyecto</ownerDesignName>
<referredTableLongName>Partido</referredTableLongName>
<deleteRule>NO ACTION</deleteRule>
<referredTableID>60F42356-C7EF-3CE3-D956-23D45BA20D53</referredTableID>
<keyObject>CEE8088E-FEA4-34C1-208A-D18CE6D27E10</keyObject>
<referredKeyID>CEE8088E-FEA4-34C1-208A-D18CE6D27E10</referredKeyID>
<mandatory>true</mandatory>
<refColNames>id</refColNames>
<transferable>true</transferable>
<rely>false</rely>
<columnDependencyConstraintGenerateInDDL>true</columnDependencyConstraintGenerateInDDL>
</FKIndexAssociation>