<?xml version = '1.0' encoding = 'UTF-8'?>
<FKIndexAssociation class="oracle.dbtools.crest.model.design.relational.FKIndexAssociation" directorySegmentName="seg_0" id="3D475D84-5A2C-8017-802D-A6BBAC458782" containerWithKeyObject="0B46471C-C060-E534-961E-530D952DD9D1" localFKIndex="67858D2E-AC32-D38A-AE89-54831F3BC1A7" name="EquipoPartido_Equipo_FK">
<createdBy>Adrian</createdBy>
<createdTime>2019-05-05 16:00:03 UTC</createdTime>
<generatorID>0019D811-7897-3E42-5BA5-B7C2BA340146</generatorID>
<ownerDesignName>Proyecto</ownerDesignName>
<referredTableLongName>Equipo</referredTableLongName>
<deleteRule>NO ACTION</deleteRule>
<referredTableID>431283ED-F7C9-0AF3-5F42-3E319CF0B001</referredTableID>
<keyObject>E27AF83D-CBD1-05CD-947A-58B23BBCAF18</keyObject>
<referredKeyID>E27AF83D-CBD1-05CD-947A-58B23BBCAF18</referredKeyID>
<mandatory>true</mandatory>
<refColNames>id</refColNames>
<transferable>true</transferable>
<rely>false</rely>
<columnDependencyConstraintGenerateInDDL>true</columnDependencyConstraintGenerateInDDL>
</FKIndexAssociation>