<?xml version = '1.0' encoding = 'UTF-8'?>
<FKIndexAssociation class="oracle.dbtools.crest.model.design.relational.FKIndexAssociation" directorySegmentName="seg_0" id="76A631B1-06DF-BE93-AFB6-4A228AF4133E" containerWithKeyObject="F8E91AE1-7BD8-5DBB-48CE-CC630B40263F" localFKIndex="54DCA5D1-8B61-FB51-48F4-F8EFE42EA6E7" name="Dueño_Equipo_FK">
<createdBy>Adrian</createdBy>
<createdTime>2019-05-05 16:00:03 UTC</createdTime>
<generatorID>6E727A13-C10F-6B2A-37EE-3E4351730ABD</generatorID>
<ownerDesignName>Proyecto</ownerDesignName>
<referredTableLongName>Equipo</referredTableLongName>
<deleteRule>NO ACTION</deleteRule>
<referredTableID>431283ED-F7C9-0AF3-5F42-3E319CF0B001</referredTableID>
<keyObject>E27AF83D-CBD1-05CD-947A-58B23BBCAF18</keyObject>
<referredKeyID>E27AF83D-CBD1-05CD-947A-58B23BBCAF18</referredKeyID>
<mandatory>true</mandatory>
<refColNames>id</refColNames>
<transferable>true</transferable>
<rely>false</rely>
<columnDependencyConstraintGenerateInDDL>true</columnDependencyConstraintGenerateInDDL>
</FKIndexAssociation>