<?xml version = '1.0' encoding = 'UTF-8'?>
<FKIndexAssociation class="oracle.dbtools.crest.model.design.relational.FKIndexAssociation" directorySegmentName="seg_0" id="8CF45CC5-4A11-4055-CB67-1BC6E14B35B2" containerWithKeyObject="7C185253-9118-2FFF-CBD5-9C93C990FF95" localFKIndex="FF379037-01D6-AF7E-CF3E-73A39D349116" name="Estadisticas_Partido_FK">
<createdBy>Adrian</createdBy>
<createdTime>2019-05-05 16:00:03 UTC</createdTime>
<generatorID>0922AF86-32B6-6496-AC9C-F222EEC63621</generatorID>
<ownerDesignName>Proyecto</ownerDesignName>
<referredTableLongName>Partido</referredTableLongName>
<deleteRule>NO ACTION</deleteRule>
<referredTableID>60F42356-C7EF-3CE3-D956-23D45BA20D53</referredTableID>
<keyObject>CEE8088E-FEA4-34C1-208A-D18CE6D27E10</keyObject>
<referredKeyID>CEE8088E-FEA4-34C1-208A-D18CE6D27E10</referredKeyID>
<mandatory>true</mandatory>
<refColNames>id</refColNames>
<transferable>true</transferable>
<rely>false</rely>
<columnDependencyConstraintGenerateInDDL>true</columnDependencyConstraintGenerateInDDL>
</FKIndexAssociation>