<?xml version = '1.0' encoding = 'UTF-8'?>
<FKIndexAssociation class="oracle.dbtools.crest.model.design.relational.FKIndexAssociation" directorySegmentName="seg_0" id="C0A2C6EC-0288-10CB-E633-A749A6F693A0" containerWithKeyObject="60F42356-C7EF-3CE3-D956-23D45BA20D53" localFKIndex="DDFB4B24-329C-12BE-7311-9F6275A87C54" name="Partido_Estadisticas_FK">
<createdBy>Adrian</createdBy>
<createdTime>2019-05-05 16:00:03 UTC</createdTime>
<generatorID>0922AF86-32B6-6496-AC9C-F222EEC63621</generatorID>
<ownerDesignName>Proyecto</ownerDesignName>
<referredTableLongName>Estadisticas</referredTableLongName>
<deleteRule>NO ACTION</deleteRule>
<referredTableID>7C185253-9118-2FFF-CBD5-9C93C990FF95</referredTableID>
<keyObject>7CEE0AFE-3B67-E397-374B-ED76FB9B08FC</keyObject>
<referredKeyID>7CEE0AFE-3B67-E397-374B-ED76FB9B08FC</referredKeyID>
<mandatory>true</mandatory>
<refColNames>id</refColNames>
<transferable>true</transferable>
<rely>false</rely>
<columnDependencyConstraintGenerateInDDL>true</columnDependencyConstraintGenerateInDDL>
</FKIndexAssociation>